{"assets/.DS_Store":["assets/.DS_Store"],"assets/home_menu.json":["assets/home_menu.json"],"assets/images/.DS_Store":["assets/images/.DS_Store"],"assets/images/analysis.png":["assets/images/analysis.png"],"assets/images/avatar.png":["assets/images/avatar.png"],"assets/images/background.jpg":["assets/images/background.jpg"],"assets/images/barcode.png":["assets/images/barcode.png"],"assets/images/clock.png":["assets/images/clock.png"],"assets/images/collection.png":["assets/images/collection.png"],"assets/images/crown.png":["assets/images/crown.png"],"assets/images/cubehous_logo.png":["assets/images/cubehous_logo.png"],"assets/images/cubehouse.jpg":["assets/images/cubehouse.jpg"],"assets/images/customer.png":["assets/images/customer.png"],"assets/images/five.png":["assets/images/five.png"],"assets/images/four.png":["assets/images/four.png"],"assets/images/google.svg":["assets/images/google.svg"],"assets/images/imageupload.png":["assets/images/imageupload.png"],"assets/images/inventory.png":["assets/images/inventory.png"],"assets/images/king.png":["assets/images/king.png"],"assets/images/light-1.png":["assets/images/light-1.png"],"assets/images/light-2.png":["assets/images/light-2.png"],"assets/images/list.png":["assets/images/list.png"],"assets/images/location.png":["assets/images/location.png"],"assets/images/lock.png":["assets/images/lock.png"],"assets/images/microsoft.svg":["assets/images/microsoft.svg"],"assets/images/no-image.png":["assets/images/no-image.png"],"assets/images/one.png":["assets/images/one.png"],"assets/images/picking.png":["assets/images/picking.png"],"assets/images/product_0.png":["assets/images/product_0.png"],"assets/images/product_1.png":["assets/images/product_1.png"],"assets/images/product_2.png":["assets/images/product_2.png"],"assets/images/product_3.png":["assets/images/product_3.png"],"assets/images/putaway.png":["assets/images/putaway.png"],"assets/images/quotation.png":["assets/images/quotation.png"],"assets/images/receiving.png":["assets/images/receiving.png"],"assets/images/sales.png":["assets/images/sales.png"],"assets/images/salesflow.png":["assets/images/salesflow.png"],"assets/images/salesworkflow.png":["assets/images/salesworkflow.png"],"assets/images/shipping.png":["assets/images/shipping.png"],"assets/images/stocktake.png":["assets/images/stocktake.png"],"assets/images/storage.png":["assets/images/storage.png"],"assets/images/supplier.png":["assets/images/supplier.png"],"assets/images/three.png":["assets/images/three.png"],"assets/images/transfer.png":["assets/images/transfer.png"],"assets/images/two.png":["assets/images/two.png"],"assets/images/warehouse.png":["assets/images/warehouse.png"],"assets/loading.json":["assets/loading.json"],"packages/cupertino_icons/assets/CupertinoIcons.ttf":["packages/cupertino_icons/assets/CupertinoIcons.ttf"],"packages/fluttertoast/assets/toastify.css":["packages/fluttertoast/assets/toastify.css"],"packages/fluttertoast/assets/toastify.js":["packages/fluttertoast/assets/toastify.js"],"packages/simple_barcode_scanner/assets/barcode.html":["packages/simple_barcode_scanner/assets/barcode.html"],"packages/simple_barcode_scanner/assets/html5-qrcode.min.js":["packages/simple_barcode_scanner/assets/html5-qrcode.min.js"]}